Organization,Vote,Description,2024-25 Expenditures,2025-26 Main Estimates,2025-26 Estimates To Date,2026-27 Main Estimates
Administrative Tribunals Support Service of Canada,1,Program expenditures,72960811,68848388,72924472,65396288
Administrative Tribunals Support Service of Canada,S,Contributions to employee benefit plans,12997869,13621885,14304944,13955310
Administrative Tribunals Support Service of Canada,S,Other Statutory items listed in the Public Accounts of Canada,621,0,0,0
Atlantic Canada Opportunities Agency,1,Operating expenditures,76791304,70274559,71162666,70491619
Atlantic Canada Opportunities Agency,5,Grants and contributions,314333155,282252478,335858883,308687375
Atlantic Canada Opportunities Agency,S,Contributions to employee benefit plans,9303981,9497319,9573015,10226783
Atlantic Canada Opportunities Agency,S,Other Statutory items listed in the Public Accounts of Canada,39859,0,0,0
Atomic Energy of Canada Limited,1,Payments to the corporation for operating and capital expenditures,1433600000,1945655529,1947025222,1704470844
Canada Border Services Agency,1,Operating expenditures,2566314052,2538380582,2522405003,2494760127
Canada Border Services Agency,5,Capital expenditures,133280831,173374342,204801649,236770191
Canada Border Services Agency,S,Expenditures of revenues pursuant to subsection 29.1(1) of the  Financial Administration Act,0,0,0,40043339
Canada Border Services Agency,S,Other Statutory items listed in the Public Accounts of Canada,1345949,0,0,0
Canada Border Services Agency,S,Contributions to employee benefit plans,307992127,281217025,282937588,298321920
Canada Council for the Arts,1,Payments to the Council,364283160,360142160,360312160,357666546
Canada Mortgage and Housing Corporation,1,Reimbursement under the provisions of the  National Housing Act  and the  Canada Mortgage and Housing Corporation Act,5466687949,6363904082,6465012197,6128083371
Canada Mortgage and Housing Corporation,S,"Advances under the  National Housing Act  (R.S.C., 1985,Ýc. N-11)",-194777830,-158996869,-158996869,-135400563
Canada Mortgage and Housing Corporation,S,Payment for a one-time rental housing benefit and the administration and enforcement of the  Rental Housing Benefit Act,-23098325,3800000,3800000,0
Canada Post Corporation,1,Payments to the Corporation for special purposes,22210000,22210000,22210000,22210000
Canada Post Corporation,5,Payments to the Corporation for the purposes referred to in section 31 of the  Canada Post Corporation Act,0,1034000000,2042000000,0
Canada Revenue Agency,1,"Operating expenditures, grants and contributions",5132695471,4766162392,4983784785,4798678307
Canada Revenue Agency,5,Capital expenditures,76030232,68403091,73213476,49200177
Canada Revenue Agency,S,Motor vehicle allowance:  Ministers of State or Secretaries of State ( Parliament of Canada Act ),0,0,0,2000
Canada Revenue Agency,S,Distribution of fuel charges (to farming businesses) under section 165 of the  Greenhouse Gas Pollution Pricing Act   and section 127.42 of  the  Income Tax Act,167366526,0,0,0
Canada Revenue Agency,S,Distribution of fuel charges (Canada Carbon Rebate for small businesses) under section 165 of the  Greenhouse Gas Pollution Pricing Act  and  section 127.421 of the  Income Tax Act,2568878652,623000000,623000000,0
Canada Revenue Agency,S,Distribution of fuel charges (to provinces and territories) under section 165 of the  Greenhouse Gas Pollution Pricing Act,49890877,17000000,17000000,0
Canada Revenue Agency,S,Distribution of fuel charges (Canada Carbon Rebate for individuals) under section 165 of the  Greenhouse Gas Pollution Pricing Act  and  section 122.8 of the  Income Tax Act,12664115951,3522000000,3522000000,0
Canada Revenue Agency,S,Children's Special Allowance payments ( Children's Special Allowance Act ),429947248,423000000,423000000,451000000
Canada Revenue Agency,S,Other Statutory items listed in the Public Accounts of Canada,2384292,0,0,0
Canada Revenue Agency,S,Spending of revenues received through the conduct of its operations pursuant to section 60 of the  Canada Revenue Agency Act,350022000,293913215,293913215,263548934
Canada Revenue Agency,S,Minister's salary and motor vehicle allowance  Salaries Act  and  Parliament of Canada Act ),99066,102300,102300,0
Canada Revenue Agency,S,Contributions to employee benefit plans,737892992,661635598,686915502,711114262
Canada School of Public Service,1,Program expenditures,71862495,72771803,74857597,66678116
Canada School of Public Service,S,Contributions to employee benefit plans,10002378,10150589,10265463,10246320
Canada School of Public Service,S,Spending of revenues pursuant to subsection 18(2) of the  Canada School of Public Service Act,8426595,6630872,6630872,6630872
Canada School of Public Service,S,Other Statutory items listed in the Public Accounts of Canada,5960,0,0,0
Canada School of Public Service,S,Expenditures pursuant to subsection 29.1(1) of the  Financial Administration Act,8483902,4500000,4500000,4500000
Canada Water Agency,1,Operating expenditures,17183147,38128483,38077883,34693471
Canada Water Agency,5,Contributions,24330459,42765417,42765417,42244658
Canada Water Agency,S,Contributions to employee benefit plans,1705167,3937931,3937931,4088796
Canadian Accessibility Standards Development Organization,1,Operating expenditures,11908606,11786820,11786820,11786820
Canadian Accessibility Standards Development Organization,5,Grants and contributions,8498511,8500000,8500000,8500000
Canadian Accessibility Standards Development Organization,S,Contributions to employee benefit plans,971978,1007689,1007689,1080137
Canadian Air Transport Security Authority,1,Payments to the Authority for operating and capital expenditures,1079165190,1201924450,1215468950,562129853
Canadian Broadcasting Corporation,1,Payments to the Corporation for operating expenditures,1309339411,1307346411,1457346411,1263214311
Canadian Broadcasting Corporation,5,Payments to the Corporation for working capital,4000000,4000000,4000000,4000000
Canadian Broadcasting Corporation,10,Payments to the Corporation for capital expenditures,111898000,113891000,113891000,116038000
Canadian Centre for Occupational Health and Safety,1,Program expenditures,6078790,6320572,6320572,5947344
Canadian Centre for Occupational Health and Safety,S,Contributions to employee benefit plans,1632720,860385,860385,861033
Canadian Centre for Occupational Health and Safety,S,Spending of revenues pursuant to paragraph 6(1)(g) of the  Canadian Centre for Occupational Health and Safety Act,7167662,6500000,6500000,8700000
Canadian Commercial Corporation,1,Payments to the Corporation,13792138,13792138,13792138,13772022
Canadian Dairy Commission,1,Program expenditures,5148853,5088203,5088203,4808231
Canadian Dairy Commission,S,Other Statutory items listed in the Public Accounts of Canada,98989758,0,0,0
Canadian Energy Regulator,1,Program expenditures,117310821,104393226,111095416,105900587
Canadian Energy Regulator,S,Contributions to employee benefit plans,13652012,12578620,13746627,13268133
Canadian Energy Regulator,S,Expenditures of revenues pursuant to subsection 29.1(1) of the  Financial Administration Act,0,0,0,204038
Canadian Food Inspection Agency,1,"Operating expenditures, grants and contributions",772658833,735988289,750166344,659250906
Canadian Food Inspection Agency,5,Capital expenditures,38323011,19777389,14465325,17977389
Canadian Food Inspection Agency,S,Contributions to employee benefit plans,90456162,95579286,95796018,96364067
Canadian Food Inspection Agency,S,Spending of revenues pursuant to Section 30 of the  Canadian Food Inspection Agency Act,64810540,53000000,53000000,53000000
Canadian Food Inspection Agency,S,Other Statutory items listed in the Public Accounts of Canada,523748,0,0,0
Canadian Food Inspection Agency,S,"Compensation payments in accordance with requirements established by Regulations under the  Health of Animals Act  and the   Plant Protection Act , and authorized pursuant to the  Canadian Food Inspection Agency Act    (S.C., 1997, c. 6)",72976676,12500000,12500000,12500000
Canadian Grain Commission,1,Program expenditures,6287650,6195555,6442364,6088821
Canadian Grain Commission,S,Other Statutory items listed in the Public Accounts of Canada,47050,0,0,0
Canadian Grain Commission,S,"Canadian Grain Commission Revolving Fund ( Appropriation Act No. 4, 1994-95 )",9763407,21266422,21266422,17339056
Canadian Grain Commission,S,Contributions to employee benefit plans,786878,827787,827787,855308
Canadian High Arctic Research Station,1,Program expenditures,34691452,32369800,33379724,34688618
Canadian High Arctic Research Station,S,Contributions to employee benefit plans,1775859,1931460,1931460,2098216
Canadian High Arctic Research Station,S,Spending of revenue pursuant to section 6(2) of the  Canadian High Arctic Research Station Act,0,732099,732099,732099
Canadian Human Rights Commission,1,Program expenditures,36622078,34461588,35123462,33077305
Canadian Human Rights Commission,S,Contributions to employee benefit plans,4941125,5029910,5169454,5191466
Canadian Human Rights Commission,S,Other Statutory items listed in the Public Accounts of Canada,889,0,0,0
Canadian Institutes of Health Research,1,Operating expenditures,78253311,76463348,74909376,76580072
Canadian Institutes of Health Research,5,Grants,1336222895,1288832664,1292339594,1400413601
Canadian Institutes of Health Research,S,Contributions to employee benefit plans,9896030,9682685,9682685,10406058
Canadian Intergovernmental Conference Secretariat,1,Program expenditures,7546071,7310085,7310085,5889800
Canadian Intergovernmental Conference Secretariat,S,Contributions to employee benefit plans,578838,591098,591098,529339
Canadian Museum for Human Rights,1,Payments to the Museum for operating and capital expenditures,28589790,26906790,28755883,25407184
Canadian Museum of History,1,Payments to the Museum for operating and capital expenditures,83226822,78060568,81953458,76855199
Canadian Museum of Immigration at Pier 21,1,Payments to the Museum for operating and capital expenditures,10024370,8799370,9916370,8080571
Canadian Museum of Nature,1,Payments to the Museum for operating and capital expenditures,36378308,29288223,35148045,30041517
Canadian Northern Economic Development Agency,1,Operating expenditures,23609050,23914472,25998613,31547131
Canadian Northern Economic Development Agency,5,Grants and contributions,55182410,51424369,82678430,99307483
Canadian Northern Economic Development Agency,S,Contributions to employee benefit plans,2184910,2496199,2641419,3408462
Canadian Nuclear Safety Commission,1,Program expenditures,56483609,57418310,57404410,54062479
Canadian Nuclear Safety Commission,S,Expenditures of revenues pursuant to paragraph 21(3) of the  Nuclear Safety and Control Act,126059174,121415760,121415760,129634632
Canadian Nuclear Safety Commission,S,Contributions to employee benefit plans,19899305,6231772,6231772,6611018
Canadian Race Relations Foundation,1,Payments to the Foundation,12092410,12000000,11990800,12000000
Canadian Radio-television and Telecommunications Commission,1,Program expenditures,9717559,9956495,9956495,4878929
Canadian Radio-television and Telecommunications Commission,S,Contributions to employee benefit plans,11501068,11909759,11909759,12686178
Canadian Radio-television and Telecommunications Commission,S,Other Statutory items listed in the Public Accounts of Canada,49892,0,0,0
Canadian Security Intelligence Service,1,Program expenditures,748322493,907947462,918324834,930948484
Canadian Security Intelligence Service,S,Contributions to employee benefit plans,63757162,72192509,74047502,81907699
Canadian Security Intelligence Service,S,Other Statutory items listed in the Public Accounts of Canada,937759,0,0,0
Canadian Space Agency,1,Operating expenditures,261723886,282744971,264352927,312870750
Canadian Space Agency,5,Capital expenditures,277395214,466959635,476704681,520371623
Canadian Space Agency,10,Grants and contributions,79428212,67018000,598044814,60981000
Canadian Space Agency,S,Contributions to employee benefit plans,16137997,17358225,17358225,19714945
Canadian Space Agency,S,Other Statutory items listed in the Public Accounts of Canada,41232,0,0,0
Canadian Tourism Commission,1,Payments to the Commission,115967712,125027800,125027800,93365772
Canadian Transportation Accident Investigation and Safety Board,1,Program expenditures,38661532,36493889,36493889,36525038
Canadian Transportation Accident Investigation and Safety Board,S,Contributions to employee benefit plans,4287415,4629867,4629867,4991718
Canadian Transportation Accident Investigation and Safety Board,S,Other Statutory items listed in the Public Accounts of Canada,28138,0,0,0
Canadian Transportation Agency,1,Program expenditures,51904314,50365239,50333039,31179231
Canadian Transportation Agency,S,Contributions to employee benefit plans,6801199,6723379,6723379,4522937
Civilian Review and Complaints Commission for the Royal Canadian Mounted Police,1,Program expenditures,14481036,15127881,15472113,26291690
Civilian Review and Complaints Commission for the Royal Canadian Mounted Police,S,Contributions to employee benefit plans,1725014,1736401,1829344,2937416
Communications Security Establishment,1,Program expenditures,1020695708,1144688528,1582291344,1915184180
Communications Security Establishment,S,Contributions to employee benefit plans,67806351,75887658,77912715,91984526
Communications Security Establishment,S,Other Statutory items listed in the Public Accounts of Canada,30201,0,0,0
Copyright Board,1,Program expenditures,4557132,4244261,4244261,4251677
Copyright Board,S,Contributions to employee benefit plans,516174,486318,486318,522499
Correctional Service of Canada,1,"Operating expenditures, grants and contributions",3084547130,3227384720,3367812903,3296446429
Correctional Service of Canada,5,Capital expenditures,246251581,337357217,337357217,382568067
Correctional Service of Canada,10,CORCAN revolving fund,0,1,1,0
Correctional Service of Canada,S,Contributions to employee benefit plans,274381699,297787547,312582379,321559689
Correctional Service of Canada,S,CORCAN Revolving Fund,-6847856,0,0,0
Correctional Service of Canada,S,Other Statutory items listed in the Public Accounts of Canada,2184863,0,0,0
Correctional Service of Canada,S,Loans to individuals under mandatory supervision and parolees through the Parolees' Loan Account,-220,0,0,0
Courts Administration Service,1,Program expenditures,123276425,197723732,202792177,177104676
Courts Administration Service,S,Contributions to employee benefit plans,12444691,11016793,12090890,11637017
Courts Administration Service,S,Other Statutory items listed in the Public Accounts of Canada,191,0,0,0
Department for Women and Gender Equality,1,Operating expenditures,59696258,61732958,61732958,61578946
Department for Women and Gender Equality,5,Grants and contributions,302479150,338287046,338287046,345571095
Department for Women and Gender Equality,S,Contributions to employee benefit plans,6692455,7019842,7019842,7310197
Department for Women and Gender Equality,S,Minister's salary and motor vehicle allowance ( Salaries Act  and  Parliament of Canada Act ),94285,102300,102300,106000
Department for Women and Gender Equality,S,Other Statutory items listed in the Public Accounts of Canada,12,0,0,0
Department of Agriculture and Agri-Food,1,Operating expenditures,717813481,682771782,678501670,647737493
Department of Agriculture and Agri-Food,5,Capital expenditures,67788769,73095676,82845176,67699368
Department of Agriculture and Agri-Food,10,Grants and contributions,890290778,893997907,927941567,782888844
Department of Agriculture and Agri-Food,S,"Grants to agencies established under the  Farm Products Agencies Act  (R.S.C., 1985, c. F-4)",0,100000,100000,100000
Department of Agriculture and Agri-Food,S,Contribution payments for the Dairy Innovation and Investment Fund ( Farm Income Protection Act ),13888411,50000000,50000000,62000000
Department of Agriculture and Agri-Food,S,Contribution payments for the Livestock Price Insurance program ( Farm Income Protection Act ),2114897,4000000,4000000,4000000
Department of Agriculture and Agri-Food,S,Contribution payments for the Agricultural Disaster Relief program/AgriRecovery ( Farm Income Protection Act ),13623045,118513335,118513335,118513335
Department of Agriculture and Agri-Food,S,Loan guarantees under the  Canadian Agricultural Loans Act,424522,13111013,13111013,13111013
Department of Agriculture and Agri-Food,S,Payments in connection with the  Agricultural Marketing Programs Act,122189007,169001104,172047165,146986659
Department of Agriculture and Agri-Food,S,Contributions in support of the Assistance to the Pork Industry Initiative,-5677829,0,0,0
Department of Agriculture and Agri-Food,S,Contribution payments for the AgriInvest program ( Farm Income Protection Act ),25864162,19779021,19779021,19779021
Department of Agriculture and Agri-Food,S,Contribution payments for the AgriStability program ( Farm Income Protection Act ),323257162,339658188,431885638,339658188
Department of Agriculture and Agri-Food,S,Contribution payments for the AgriInsurance program ( Farm Income Protection Act ),1264457816,1033783000,1033783000,1033783000
Department of Agriculture and Agri-Food,S,Grant payments for the Dairy Direct Payment Program ( Farm Income Protection Act ),245062681,250000000,250000000,150000000
Department of Agriculture and Agri-Food,S,Grant payments for the AgriInvest program ( Farm Income Protection Act ),165286998,153974143,153974143,153974143
Department of Agriculture and Agri-Food,S,Grant payments for the AgriStability program ( Farm Income Protection Act ),97681213,52063330,68563330,52063330
Department of Agriculture and Agri-Food,S,Other Statutory items listed in the Public Accounts of Canada,6775707,0,0,0
Department of Agriculture and Agri-Food,S,Canadian Pari-Mutuel Agency Revolving Fund ( Revolving Funds Act ),1952773,872444,872444,839556
Department of Agriculture and Agri-Food,S,Minister of Agriculture and Agri-Food ñ Salary and motor car allowance ( Salaries Act  and  Parliament of Canada Act ),99066,102300,102300,106000
Department of Agriculture and Agri-Food,S,Contributions to employee benefit plans,77607911,80847202,80902683,84329209
Department of Canadian Heritage,1,Operating expenditures,248674693,253537041,253380883,218269156
Department of Canadian Heritage,5,Grants and contributions,1857943872,1808125427,1932012098,1606092571
Department of Canadian Heritage,S,Minister of Sport and Minister responsible for Prairies Economic Development Canada ñ Salary and motor car allowance ( Salaries Act   and  Parliament of Canada Act ),23106,102300,102300,0
Department of Canadian Heritage,S,Salaries of the Lieutenant-Governors ( Salaries Act ),1804309,1196000,1196000,1196000
Department of Canadian Heritage,S,Contributions to employee benefit plans,30568377,31703900,31842679,31177594
Department of Canadian Heritage,S,Other Statutory items listed in the Public Accounts of Canada,184978,0,0,0
Department of Canadian Heritage,S,Minister's salary and motor vehicle allowance ( Salaries Act  and  Parliament of Canada Act ),94285,102300,102300,106000
Department of Canadian Heritage,S,"Payments under the  Lieutenant Governors Superannuation Act    (R.S.C., 1985, c. L-8)",1044055,637000,637000,637000
Department of Canadian Heritage,S,"Minister of Canadian Culture and Identity, Parks Canada and Quebec LieutenantóSalary and motor car allowance ( Salaries  ActÝandÝParliament of Canada Act )",4781,0,0,0
Department of Canadian Heritage,S,Motor vehicle allowance:  Ministers of State or Secretaries of State ( Parliament of Canada Act ),468,2000,2000,2000
Department of Canadian Heritage,S,Supplementary Retirement Benefits ñ Former Lieutenant-Governors ( Supplementary Retirement Benefits Act ),307050,182000,182000,182000
Department of Citizenship and Immigration,1,Operating expenditures,2626838893,2223420163,2939548116,1891240714
Department of Citizenship and Immigration,5,Capital expenditures,6937357,5957509,757509,3454394
Department of Citizenship and Immigration,10,Grants and contributions,3572858382,2777304133,2863407889,2394061854
Department of Citizenship and Immigration,S,Contributions to employee benefit plans,157232789,146600099,148428462,153022058
Department of Citizenship and Immigration,S,Minister's salary and motor vehicle allowance ( Salaries Act  and  Parliament of Canada Act ),99066,102300,102300,106000
Department of Citizenship and Immigration,S,"Passport Canada Revolving Fund ( Revolving Funds Act   (R.S.C., 1985, c. R-8))",120626725,20643448,20643448,-25003403
Department of Citizenship and Immigration,S,Other Statutory items listed in the Public Accounts of Canada,23926934,0,0,0
Department of Citizenship and Immigration,S,Loans to immigrants and refugees to facilitate the arrival of newcomers pursuant to section 88 of the  Immigration and Refugee Protection Act,70892642,0,0,0
Department of Citizenship and Immigration,S,Fees returned in connection with a terminated application,16950,0,0,0
Department of Citizenship and Immigration,S,Fees returned in connection with a terminated application in Investor and Entrepreneur Classes,2800,0,0,0
Department of Crown-Indigenous Relations and Northern Affairs,1,Operating expenditures,2295945946,4844173256,5255528361,4096431570
Department of Crown-Indigenous Relations and Northern Affairs,5,Capital expenditures,35619,325000,733110,225000
Department of Crown-Indigenous Relations and Northern Affairs,10,Grants and contributions,11900129617,8158701504,9271159393,7738322736
Department of Crown-Indigenous Relations and Northern Affairs,L15,Loans to Indigenous claimants,16589642,25903000,25903000,25903000
Department of Crown-Indigenous Relations and Northern Affairs,S,Contributions to employee benefit plans,30415299,30992416,31013989,31441446
Department of Crown-Indigenous Relations and Northern Affairs,S,Minister of Crown-Indigenous Relations and Northern Affairs ñ Salary and motor car allowance ( Salaries Act  and  Parliament of Canada Act ),71179,0,0,0
Department of Crown-Indigenous Relations and Northern Affairs,S,Minister's salary and motor vehicle allowance ( Salaries Act  and  Parliament of Canada Act ),90567,102300,102300,106000
Department of Crown-Indigenous Relations and Northern Affairs,S,Other Statutory items listed in the Public Accounts of Canada,16811575,0,0,0
Department of Crown-Indigenous Relations and Northern Affairs,S,"Engagement on a pilot project for the creation of a Red Dress Alert ( Budget Implementation Act, 2024 , No. 1, Section 264)",1103200,0,0,126300
Department of Crown-Indigenous Relations and Northern Affairs,S,Grants to Aboriginal organizations designated to receive claim  settlement payments pursuant to Comprehensive Land Claim Settlement Acts,5047917,4125988,4125988,0
Department of Crown-Indigenous Relations and Northern Affairs,S,Grassy Narrows and Islington Bands Mercury Disability Board ( Grassy  Narrows and Islington Indian Bands Mercury Pollution Claims Settlement Act ),0,15000,15000,15000
Department of Crown-Indigenous Relations and Northern Affairs,S,Payments to comprehensive claim beneficiaries in compensation for resource royalties (Comprehensive Land Claim Settlement Acts),0,1865718,1865718,1865718
Department of Crown-Indigenous Relations and Northern Affairs,S,Minister's salary and motor vehicle allowance  ( Salaries Act  and  Parliament of Canada Act ),0,0,0,106000
Department of Employment and Social Development,1,Operating expenditures,1455737138,1299684121,1339080982,1111834762
Department of Employment and Social Development,5,Grants and contributions,10117400843,11647044543,11643623722,12513074018
Department of Employment and Social Development,10,Debt write-off ñ Canada Student Loans and Canada Apprentice Loans,0,197249543,381908993,0
Department of Employment and Social Development,15,Debt write-off ñ Government Annuities Account,0,0,18638,0
Department of Employment and Social Development,S,Payments for the Canada Worker Lockdown Benefit pursuant to the  Canada Worker Lockdown Benefit Act,5823351,1760244,1760244,0
Department of Employment and Social Development,S,Payments for the Canada Recovery Benefit pursuant to the  Canada Recovery Benefits Act,-104201003,39405638,39405638,0
Department of Employment and Social Development,S,Other statutory items listed in the Public Accounts of Canada,2089378,0,0,0
Department of Employment and Social Development,S,Spending of revenues pursuant to subsection 5.2(2) of the  Department of Employment and Social Development Act,502168897,478215918,478215918,457273072
Department of Employment and Social Development,S,Minister of Jobs and Families - Salary and motor car allowance ( Salaries Act  and  Parliament of Canada Act ),4781,0,0,0
Department of Employment and Social Development,S,Payments for the Canada Recovery Sickness Benefit pursuant to the  Canada Recovery Benefits Act,8666499,8808156,8808156,0
Department of Employment and Social Development,S,Payments for the Canada Recovery Caregiving Benefit pursuant to the  Canada Recovery Benefits Act,4545670,15254640,15254640,0
Department of Employment and Social Development,S,Contributions to employee benefit plans,489556404,423334810,424090452,415407991
Department of Employment and Social Development,S,Minister's salary and motor vehicle allowance ( Salaries Act  and  Parliament of Canada Act ),94285,102300,102300,106000
Department of Employment and Social Development,S,Motor vehicle allowance:  Ministers of State or Secretaries of State ( Parliament of Canada Act ),468,2000,2000,6000
Department of Employment and Social Development,S,"Minister of Employment, Workforce Development and Official Languages ñ Salary and motor car allowance ( Salaries Act  and   Parliament of Canada Act )",63122,0,0,0
Department of Employment and Social Development,S,"Minister of State (Minister of Diversity, Inclusion and Persons with Disabilities) ñ Motor car allowance ( Parliament of Canada Act )",1903,2000,2000,0
Department of Employment and Social Development,S,Minister of Labour and Seniors ñ Salary and motor car allowance  ( Salaries Act  and  Parliament of Canada Act ),71179,0,0,0
Department of Employment and Social Development,S,"Minister of Employment, Workforce Development and Labour ñ Salary and motor car allowance ( Salaries Act  and  Parliament of Canada Act )",23106,102300,102300,0
Department of Employment and Social Development,S,Minister of Citizensí Services ñ Salary and motor car allowance ( Salaries Act  and  Parliament of Canada Act ),94285,102300,102300,0
Department of Employment and Social Development,S,"Payments of compensation respecting government employees (R.S.C., 1985, c. G-5) and merchant seamen (R.S.C., 1985, c. M-6)",16141958,31444511,31444511,31444511
Department of Employment and Social Development,S,Canada Education Savings Grant payments to Registered Education Savings Plan (RESP) trustees on behalf of RESP beneficiaries to encourage Canadians to save for post-secondary education for their children ( Canada Education Savings Act ),1198830534,1100000000,1130000000,1140000000
Department of Employment and Social Development,S,Payments related to the direct financing arrangement under the  Canada Student Financial Assistance Act,1266516088,1294446271,1324680967,1427134230
Department of Employment and Social Development,S,Payments related to the direct financing arrangement under the  Apprentice Loans Act,6341072,5134741,5280423,5615604
Department of Employment and Social Development,S,Canada Disability Savings Grant payments to Registered Disability Savings Plan (RDSP) issuers on behalf of RDSP beneficiaries to encourage long-term financial security of eligible individuals with disabilities ( Canada Disability Savings Act ),646256360,531400000,627000000,645000000
Department of Employment and Social Development,S,"Allowance Payments (R.S.C., 1985, c. O-9)",631884378,636000000,612000000,654000000
Department of Employment and Social Development,S,Canada Student Grants to qualifying full and part-time students pursuant to the  Canada Student Financial Assistance Act,2584053454,1978998421,2751296785,2033425170
Department of Employment and Social Development,S,"Wage Earner Protection Program payments to eligible applicants owed wages and vacation pay, severance pay and termination pay from employers who are either bankrupt or in receivership as well as payments to trustees and receivers who will provide the necessary information to determine eligibility ( Wage Earner Protection Program Act )",63409776,49250000,49250000,49250000
Department of Employment and Social Development,S,"Guaranteed Income Supplement Payments (R.S.C., 1985, c. O-9)",18910375539,20139000000,19366000000,20356000000
Department of Employment and Social Development,S,Canada Disability Benefit ( Canada Disability Benefit Act ),0,750000000,750000000,1100000000
Department of Employment and Social Development,S,Civil Service Insurance actuarial liability adjustments ( Civil Service Insurance Act ),0,145000,145000,145000
Department of Employment and Social Development,S,Other Statutory items listed in the Public Accounts of Canada,429000,0,0,0
Department of Employment and Social Development,S,Loans disbursed under the  Apprentice Loans Act,23152665,23953386,28037260,27871741
Department of Employment and Social Development,S,Loans disbursed under the  Canada Student Financial Assistance Act,2829479789,1203963141,2932324196,1728313925
Department of Employment and Social Development,S,"Old Age Security Payments (R.S.C., 1985, c. O-9)",60648088711,64702000000,63113000000,67823000000
Department of Employment and Social Development,S,Universal Child Care Benefit ( Universal Child Care Benefit Act ),-3929370,40000,40000,40000
Department of Employment and Social Development,S,Canada Disability Savings Bond payments to Registered Disability Savings Plan (RDSP) issuers on behalf of RDSP beneficiaries to encourage long-term financial security of eligible individuals with disabilities ( Canada Disability Savings Act ),216344120,210410000,225700000,218980000
Department of Employment and Social Development,S,Canada Learning Bond payments to Registered Education Savings Plan (RESP) trustees on behalf of RESP beneficiaries to support access to post-secondary education for children from low-income families ( Canada  Education Savings Act ),195700080,197000000,194000000,199000000
Department of Employment and Social Development,S,Benefit enhancement measures for the Employment Insurance Operating Account pursuant to subsection 153.111 of the  Employment Insurance  Act,-21212126,0,0,0
Department of Employment and Social Development,S,"Supplementary payment to seniors (OAS 75+) pursuant to the  Budget Implementation Act, 2021, No. 1",-20000,0,0,0
Department of Employment and Social Development,S,One-time payment to persons with disabilities pursuant to  An Act respecting further COVID-19 measures,-300,0,0,0
Department of Employment and Social Development,S,The provision of funds for liabilities including liabilities in the form of guaranteed loans under the  Canada Student Loans Act,-1297053,-1175875,-1175875,-1032516
Department of Employment and Social Development,S,The provision of funds for interest and other payments to lending institutions and liabilities under the  Canada Student Financial Assistance  Act,-2103761,-1771642,-1771642,-1505895
Department of Employment and Social Development,S,"Payments under bilateral agreements for a national school food program ( Budget Implementation Act, 2024 , No. 1, Section 154)",70100000,0,0,0
Department of Finance,1,Program expenditures,146869835,354793866,521289733,147847710
Department of Finance,5,Authority for amount by way of direct payments to the International Development Association under the  Bretton Woods and Related  Agreements Act,0,1,1,1
Department of Finance,15,Authority for amount of financial assistance by way of grants to the  International Bank for Reconstruction and Development for the purpose of  the G7 initiative on Crisis-Resilient Financing and Debt Transparency pursuant to the   Bretton Woods and Related Agreements Act,0,0,1,0
Department of Finance, L20,"Authority for amount of financial assistance to the International Bank  for Reconstruction and Development's Financial Intermediary Fund pursuant to theÝ  Bretton Woods and Related Agreements Act , which  will be repaid by the G7 Extraordinary Revenue Acceleration (ERA) Loan Initiative",0,0,1,0
Department of Finance, L25,"Authority to set the maximum amount payable to the International Development Association to provide financial assistance ( Bretton  Woods and Related Agreements Act , Section 8)",0,0,0,1
Department of Finance, L30,"Authority for setting the maximum amount to be paid under guarantees to  be issued to the European Bank for Reconstruction and Development to provide financial assistance ( European Bank for Reconstruction and  Development Act , section 6)",0,0,0,1
Department of Finance, L35,"Authority for setting the maximum amount to be paid under guarantees to  be issued to the International Bank for Reconstruction and Development  to provide financial assistance by way of the issuance of guarantees  (Bretton Woods and Related Agreements Act , section 8)",0,0,0,1
Department of Finance,10,Authority for amount of financial assistance by way of grants to the  International Bank for Reconstruction and Developmentís Financial Intermediary Fund pursuant to the  Bretton Woods and Related  Agreements Act,0,1,1,0
Department of Finance,S,Contributions to employee benefit plans,17465775,18255720,18255720,18732241
Department of Finance,S,Minister's salary and motor vehicle allowance ( Salaries Act  and  Parliament of Canada Act ),97738,102300,102300,106000
Department of Finance,S,Other Statutory items listed in the Public Accounts of Canada,1.04147E+11,0,0,0
Department of Finance,S,PaymentsÝtoÝtheÝCanadaÝInfrastructureÝBank pursuant to section 23 of the   Canada Infrastructure Bank Act,2363429306,3480230000,3480230000,3495629000
Department of Finance,S,Purchase of Domestic Coinage ( Royal Canadian Mint Act ),80608672,81000000,78000000,80000000
Department of Finance,S,Other InterestÝCosts,5809858769,5194000000,5194000000,5149000000
Department of Finance,S,Interest on Unmatured Debt ( Financial Administration Act ),42185287373,43866000000,43866000000,48586000000
Department of Finance,S,"Youth Allowances Recovery ( Federal-Provincial Fiscal Revision Act , 1964)",-1358486622,-1442405910,-1453305000,-1488675180
Department of Finance,S,Debt payments on behalf of poor countries to International Organizations pursuant to sectionÝ18(1) of the  Economic Recovery Act,51535479,88222012,88222012,99261166
Department of Finance,S,Canada Social Transfer (Part V.1 ñ  Federal-Provincial Fiscal Arrangements Act ),16908791000,17416055000,17416055000,17938537000
Department of Finance,S,Alternative Payments for Standing Programs (Part VI ñ  Federal-Provincial Fiscal Arrangements Act ),-6183144000,-6524343000,-6582880000,-6750441000
Department of Finance,S,"Financial assistance to the International Development Association ( Bretton Woods and Related Agreements Act, Section 8 )",0,0,0,1287438746
Department of Finance,S,"Payments to International Bank for Reconstruction and Development - Financial Intermediary Fund for Ukraine ( Bretton Woods and Related  Agreements Act , subsection 8(1))",0,0,200000000,0
Department of Finance,S,"Payments to the International Bank for Reconstruction and Development  for the G7 initiative on Crisis-Resilient Financing and Debt Transparency ( Bretton Woods and Related Agreements Act , subsection  8(1))",0,0,5000000,5000000
Department of Finance,S,"Payments to International Bank for Reconstruction and Development - Financial Intermediary Fund for Ukraine ( Bretton Woods and Related  Agreements Act , subsection 8(1))",0,200000000,0,0
Department of Finance,S,"Investment in Hybrid Capital issued by the International Bank for Reconstruction and Development ( Bretton Woods and Related Agreements Act , Section 8)",284801400,0,0,0
Department of Finance,S,"Loan to the International Monetary Fund's Poverty Reduction and Growth Trust ( Bretton Woods and Related Agreements Act , Section 8.1(1))",1299445896,0,0,0
Department of Finance,S,"Payment for the acquisition of shares in the Canada Growth Fund pursuant to the  Fall Economic Statement Implementation Act, 2022  as amended  by  Budget Implementation Act, 2023, No. 1",3000000000,0,0,0
Department of Finance,S,"Financial Assistance to Ukraine through IMF Administered Account ( Bretton Woods and Related Agreements Act , Section 8.3)",400000000,0,2300000000,0
Department of Finance,S,"Payment to Newfoundland and Labrador related to the Hibernia Dividend Backed Annuity Agreement (Section 200 -  Budget Implementation Act,  2021, No. 1 )",184903516,232872000,232872000,218414000
Department of Finance,S,Territorial Financing (Part I.1 ñ  Federal-Provincial Fiscal Arrangements Act ),5158964752,5488889341,5488889341,5843699311
Department of Finance,S,Fiscal Equalization (Part I ñ  Federal-Provincial Fiscal Arrangements Act ),25252833000,26169704000,26169704000,27160323000
Department of Finance,S,"Statutory Subsidies ( Constitution Acts , 1867-1982, and Other Statutory Authorities)",44920116,44920116,44920116,44933125
Department of Finance,S,Canada Health Transfer (Part V.1 ñ  Federal-Provincial Fiscal Arrangements Act ),52070383303,54684720000,54684720000,57418956000
Department of Finance,S,Payments to International Development Association ( Bretton Woods and Related Agreements Act ),486916000,486916000,486916000,304042000
Department of Fisheries and Oceans,1,Operating expenditures,2305869081,2266709202,2257544027,1129592734
Department of Fisheries and Oceans,5,Capital expenditures,1923148301,2650017110,2669758672,312651586
Department of Fisheries and Oceans,10,Grants and contributions,761067319,913847438,1056829138,328496761
Department of Fisheries and Oceans,S,Other Statutory items listed in the Public Accounts of Canada,2654849,0,0,0
Department of Fisheries and Oceans,S,Minister's salary and motor vehicle allowance ( Salaries Act  and  Parliament of Canada Act ),99066,102300,102300,106000
Department of Fisheries and Oceans,S,Contributions to employee benefit plans,222192438,221871128,222384688,114913060
"Department of Foreign Affairs, Trade and Development",1,Operating expenditures,2327056590,2394363590,2466186170,2253688827
"Department of Foreign Affairs, Trade and Development",5,Capital expenditures,187984765,226805441,330040159,267262031
"Department of Foreign Affairs, Trade and Development",10,Grants and contributions,5879804313,5286796107,6033498647,4193112769
"Department of Foreign Affairs, Trade and Development",15,"Payments, in respect of pension, insurance and social security programs or other arrangements for employees locally engaged outside of Canada, or in respect of the administration of such programs or arrangements",112668640,121349991,124551221,120518249
"Department of Foreign Affairs, Trade and Development",20,"Under subsection 12(2) of the  International Development (Financial Institutions) Assistance Act , payments to international financial  institutions ñ Direct payments",0,1,1,1
"Department of Foreign Affairs, Trade and Development", L30,Loans ñ  International Financial Assistance Act,200900000,78000000,78000000,0
"Department of Foreign Affairs, Trade and Development", L35,Working capital advance account for advances to posts abroad,0,0,20000000,0
"Department of Foreign Affairs, Trade and Development",S,Items voted in prior Estimates,14624256,0,0,0
"Department of Foreign Affairs, Trade and Development",S,Motor vehicle allowance: Ministers of State or Secretaries of State ( Parliament of Canada Act ),0,0,0,2000
"Department of Foreign Affairs, Trade and Development",S,Other Statutory items listed in the Public Accounts of Canada,26287067,0,0,0
"Department of Foreign Affairs, Trade and Development",S,Minister of International Development ñ Salary and motor car allowance ( Salaries Act  and  Parliament of Canada Act ),95790,102300,102300,0
"Department of Foreign Affairs, Trade and Development",S,Minister's salary and motor vehicle allowance ( Salaries Act  and  Parliament of Canada Act ),191580,204600,204600,212000
"Department of Foreign Affairs, Trade and Development",S,Contributions to employee benefit plans,159679447,156163477,165821012,166011357
"Department of Foreign Affairs, Trade and Development",S,"Payments to the Development Finance Institute Canada ( International Financial Assistance Act , Section 7.2)",101000000,0,0,0
"Department of Foreign Affairs, Trade and Development",S,"Payments under the  Diplomatic Service (Special) Superannuation Act  (R.S.C.,Ý1985,Ýc.ÝD-2)",781592,900000,900000,900000
"Department of Foreign Affairs, Trade and Development",S,Payments to International Financial Institutions ñ Direct payments ( International Development (Financial Institutions) Assistance Act ),248558959,250404568,250404568,222413588
Department of Health,1,Operating expenditures,2917890248,4260686972,5880745595,4471969789
Department of Health,5,Capital expenditures,26438916,32094569,32094569,22558931
Department of Health,10,Grants and contributions,5501537921,6003337872,6076274753,5932344127
Department of Health,S,Payments to provinces and territories to increase existing public  pharmacare coverage and to provide coverage for specific prescription drugs and related products under section 6 of the  Pharmacare Act,0,100939163,100939163,320066361
Department of Health,S,Payment to the provinces and territories pursuant to section 103 of the  Patent Act,0,22940000,22940000,24425000
Department of Health,S,Payments for dental benefits pursuant to the  Dental Benefit Act,25595098,0,0,0
Department of Health,S,Other Statutory items listed in the Public Accounts of Canada,175409,0,0,0
Department of Health,S,Contributions to employee benefit plans,151518447,153691686,153691686,156058500
Department of Health,S,Minister's salary and motor vehicle allowance ( Salaries Act  and  Parliament of Canada Act ),110926,102300,102300,106000
Department of Health,S,Minister of Mental Health and Addictions and Associate Minister of Health ñ Salary and motor car allowance ( Salaries Act  and  Parliament of Canada Act ),82333,102300,102300,0
Department of Health,S,"Spending of revenues from other departments for which the Minister is responsible, pursuant to subsection 4.2(4) of the  Department of  Health Act",126115882,51462891,51462891,51462891
"Department of Housing, Infrastructure and Communities",1,Operating expenditures,245322265,340514476,340409476,322920795
"Department of Housing, Infrastructure and Communities",5,Capital expenditures,9473694,53162385,53162385,95055747
"Department of Housing, Infrastructure and Communities",10,Grants and contributions,4707130812,6195652927,6208349443,7539407017
"Department of Housing, Infrastructure and Communities",S,Contributions to employee benefit plans,21156381,28069918,28069918,28150713
"Department of Housing, Infrastructure and Communities",S,Minister's salary and motor vehicle allowance ( Salaries Act  and  Parliament of Canada Act ),87645,102300,102300,106000
"Department of Housing, Infrastructure and Communities",S,Contributions related to the Canada Community-Building Fund ( Keeping Canadaís Economy and Jobs Growing Act ),2368157557,2466830789,2466830789,2466830789
Department of Indigenous Services,1,Operating expenditures,3482167096,4051895333,4056869731,3235321307
Department of Indigenous Services,5,Capital expenditures,5923966,6513738,5730137,6644760
Department of Indigenous Services,10,Grants and contributions,22828043798,21096067786,22893364346,20683431371
Department of Indigenous Services,15,Debt write-off,0,0,9549976,0
Department of Indigenous Services,S,Contributions related to the Canada Community-Building Fund ( Keeping Canadaís Economy and Jobs Growing Act ),31842443,33169211,33169211,33169211
Department of Indigenous Services,S,Contributions to employee benefit plans,125068946,128386948,128411869,131209261
Department of Indigenous Services,S,Minister's salary and motor vehicle allowance ( Salaries Act  and  Parliament of Canada Act ),98800,102300,102300,106000
Department of Indigenous Services,S,Other Statutory items listed in the Public Accounts of Canada,6756180,0,0,0
Department of Indigenous Services,S,Indian Annuities Treaty payments ( Indian Act ),2838653,3300000,3300000,3300000
Department of Indigenous Services,S,Liabilities in respect of loan guarantees made to Indians for Housing and Economic Development ( Indian Act ),0,2000000,2000000,2000000
Department of Industry,1,Operating expenditures,654154862,628663340,661197582,666379648
Department of Industry,5,Capital expenditures,18367336,81803417,92232585,73437460
Department of Industry,10,Grants and contributions,4011375226,7675233851,7810175326,7923243891
Department of Industry, L15,Payments under subsection 14(2) of the  Department of Industry Act,0,300000,300000,300000
Department of Industry, L20,Loans under paragraph 14(1)(a) of the  Department of Industry Act,0,500000,500000,500000
Department of Industry,S,Payments for Investments in Enterprise Crown corporations,-1400000000,0,0,0
Department of Industry,S,"CIFAR - Pan-Canadian Artificial Intelligence Strategy ( Budget Implementation Act, 2017, No. 1 )",5749883,0,0,0
Department of Industry,S,Minister of State (Minister of Tourism and Minister responsible for the  Economic Development Agency of Canada for the Regions of Quebec) - Motor car allowance ( Parliament of Canada Act  ),1702,2000,2000,0
Department of Industry,S,Contributions to employee benefit plans,83910672,84959728,85015865,89673502
Department of Industry,S,Minister's salary and motor vehicle allowance ( Salaries Act  and  Parliament of Canada Act ),192819,204600,204600,212000
Department of Industry,S,Motor vehicle allowance: Ministers of State or Secretaries of State ( Parliament of Canada Act ),1909,2000,2000,2000
Department of Industry,S,"Liabilities under the  Canada Small Business Financing Act    (S.C., 1998, c. 36)",67058671,120568979,120568979,96487126
Department of Industry,S,Other Statutory items listed in the Public Accounts of Canada,2414462,0,0,0
Department of Industry,S,"Canadian Intellectual Property Office Revolving Fund ( Appropriation Act No. 3, 1993ñ94 )",232346,0,0,-6388779
Department of Justice,1,Operating expenditures,509086211,325996408,362848314,304817169
Department of Justice,5,Grants and contributions,717631358,725976557,782500095,745581883
Department of Justice,S,Contributions to employee benefit plans,124119490,118034033,126957763,123230479
Department of Justice,S,Minister's salary and motor vehicle allowance ( Salaries Act  and  Parliament of Canada Act ),102519,102300,102300,106000
Department of Justice,S,Other Statutory items listed in the Public Accounts of Canada,1547,0,0,0
Department of National Defence,1,Operating expenditures,21267752014,21542249545,24996030174,26667839458
Department of National Defence,5,Capital expenditures,8761988873,10903027855,13461078360,17968133395
Department of National Defence,10,Grants and contributions,1592299391,1009220911,4132447445,3286332656
Department of National Defence,15,Payments in respect of the long-term disability and life insurance plan for members of the Canadian Forces,446727531,446727532,589378442,446727532
Department of National Defence,S,Payments under the  Supplementary Retirement Benefits Act,327423,450000,450000,400000
Department of National Defence,S,"Payments under Parts I-IV of the  Defence Services Pension Continuation  Act  (R.S.C., 1970, c. D-3)",67971,100000,100000,90000
Department of National Defence,S,Other Statutory items listed in the Public Accounts of Canada,27248306,0,0,0
Department of National Defence,S,Minister's salary and motor vehicle allowance ( Salaries Act  and  Parliament of Canada Act ),98800,102300,102300,106000
Department of National Defence,S,Contributions to employee benefit plans ñ Members of the military,1434415918,1358868590,1764950569,1713191830
Department of National Defence,S,Contributions to employee benefit plans,393869024,404264965,485374136,606248830
Department of National Defence,S,Working capital advance account,-3510233,0,0,0
Department of Natural Resources,1,Operating expenditures,924195890,944229746,945210142,884836089
Department of Natural Resources,5,Capital expenditures,52273370,44926204,53753019,51814394
Department of Natural Resources,10,Grants and contributions,2365228981,2620493122,2635547822,2455233835
Department of Natural Resources,S,Payments to the Newfoundland Offshore Petroleum Resource Revenue Fund ( Canada-Newfoundland and Labrador Atlantic Accord Implementation Act ),985000118,1418651011,1418651011,1375335022
Department of Natural Resources,S,Contribution to the Canada/Newfoundland and Labrador Offshore Petroleum Board ( Canada-Newfoundland and Labrador Atlantic Accord  Implementation Act ),-634217,14027800,14027800,14027800
Department of Natural Resources,S,Other Statutory items listed in the Public Accounts of Canada,427259,0,0,0
Department of Natural Resources,S,"Climate Action Support Payments (Energy Manager Program and Clean Energy for Rural and Remote Communities Program) ( Budget Implementation Act,  2019, No.1  S.C. 2019, c.29)",-21394,0,0,0
Department of Natural Resources,S,Payments to the Nova Scotia Offshore Revenue Account,13756,0,0,0
Department of Natural Resources,S,Contribution to the Canada/Nova Scotia Offshore Petroleum Board ( Canada-Nova Scotia Offshore Petroleum Resources Accord Implementation Act ),2889646,4156000,4156000,5047000
Department of Natural Resources,S,Geomatics Canada Revolving Fund,547500,-270464,-270464,150833
Department of Natural Resources,S,Minister's salary and motor vehicle allowance ( Salaries Act  and  Parliament of Canada Act ),98800,102300,102300,106000
Department of Natural Resources,S,Contributions to employee benefit plans,89609489,86261672,86398185,92257129
Department of Public Safety and Emergency Preparedness,1,Operating expenditures,266253175,346711518,357802956,265778295
Department of Public Safety and Emergency Preparedness,5,Grants and contributions,1046877971,1787484190,1822728626,1958506033
Department of Public Safety and Emergency Preparedness,S,Contributions to employee benefit plans,27587647,28690686,30163773,28345700
Department of Public Safety and Emergency Preparedness,S,Minister's salary and motor vehicle allowance ( Salaries Act  and  Parliament of Canada Act ),98800,102300,102300,212000
Department of Public Safety and Emergency Preparedness,S,Motor vehicle allowance:  Ministers of State or Secretaries of State ( Parliament of Canada Act ),0,0,0,2000
Department of Public Works and Government Services,1,Operating expenditures,3340474437,3734836651,3787318435,3550793813
Department of Public Works and Government Services,5,Capital expenditures,1883654239,3313864848,3313904848,2148696329
Department of Public Works and Government Services,S,Contributions to employee benefit plans,201885961,208750940,210283871,206839295
Department of Public Works and Government Services,S,Minister's salary and motor vehicle allowance ( Salaries Act  and  Parliament of Canada Act ),99157,102300,102300,106000
Department of Public Works and Government Services,S,"Translation Bureau Revolving Fund ( Appropriation Act No. 4, 1994ñ95 )",-3619264,5810681,5810681,9269082
Department of Public Works and Government Services,S,Real Property Services Revolving Fund ( Revolving Funds Act ),21146560,700000,700000,12988551
Department of Public Works and Government Services,S,Optional Services Revolving Fund ( Revolving Funds Act ),-2819928,-1163816,-1163816,476451
Department of Public Works and Government Services,S,Other Statutory items listed in the Public Accounts of Canada,5613459,0,0,0
Department of Public Works and Government Services,S,Payments in lieu of taxes to municipalities and other taxing authorities (net of recoveries from custodian departments),9910458,0,0,0
Department of Public Works and Government Services,S,Motor vehicle allowance:  Ministers of State or Secretaries of State ( Parliament of Canada Act ),0,0,0,2000
Department of Public Works and Government Services,S,"Imprest funds, accountable advances and recoverable advances. Limit $50,000,000 (Net)",-1874091,0,0,0
Department of Transport,1,Operating expenditures,1010313493,956317643,980601474,955203243
Department of Transport,5,Capital expenditures,218174008,210635002,210635002,160558327
Department of Transport,10,Grants and contributions,2093233881,1695272042,1782168076,2486722790
Department of Transport,S,"Northumberland Strait Crossing Subsidy Payment under the  Northumberland Strait Crossing Act  (S.C., 1993, c. 43)",79385416,81052510,81052510,82588308
Department of Transport,S,"Payments to the Canadian National Railway Company in respect of the termination of the collection of tolls on the Victoria Bridge, Montreal and for rehabilitation work on the roadway portion of the Bridge (Vote 107,   Appropriation Act No. 5, 1963 , S.C., 1963, c. 42)",9913270,4500000,4500000,4500000
Department of Transport,S,Other Statutory items listed in the Public Accounts of Canada,7049556,0,0,0
Department of Transport,S,"Payments in respect of the St. Lawrence Seaway agreements under the  Canada Marine Act  (S.C., 1998, c. 10)",93241668,115288000,115288000,131082000
Department of Transport,S,Minister's salary and motor vehicle allowance ( Salaries Act  and  Parliament of Canada Act ),70647,102300,102300,106000
Department of Transport,S,Contributions to employee benefit plans,109627490,113768966,114109200,119682039
Department of Veterans Affairs,1,Operating expenditures,2001439955,1993350382,2024678708,1767834523
Department of Veterans Affairs,5,Grants and contributions,5579881063,5785481791,6068593777,6353012942
Department of Veterans Affairs,S,"Re-Establishment Credits under section 8 of the  War Service Grants Act  (R.S.C., 1970, c. W-4)",0,2000,2000,2000
Department of Veterans Affairs,S,"Repayments under section 15 of the  War Service Grants Act  of compensating adjustments made in accordance with the terms of the  Veterans' Land Act  (R.S.C., 1970, c. V-4)",0,10000,10000,10000
Department of Veterans Affairs,S,Returned Soldiers Insurance Actuarial Liability Adjustment ( Returned Soldiersí Insurance Act ),0,10000,10000,10000
Department of Veterans Affairs,S,Veterans Insurance Actuarial Liability Adjustment ( Veterans Insurance Act ),0,175000,175000,175000
Department of Veterans Affairs,S,Contributions to employee benefit plans,48623079,51603928,51790494,50136995
Department of Veterans Affairs,S,Other Statutory items listed in the Public Accounts of Canada,4803,0,0,0
Department of Veterans Affairs,S,Minister's salary and motor vehicle allowance ( Salaries Act  and  Parliament of Canada Act ),94285,102300,102300,106000
Department of Western Economic Diversification,1,Operating expenditures,45470717,42526013,44570714,47589003
Department of Western Economic Diversification,5,Grants and contributions,312052429,230921018,381792146,280723712
Department of Western Economic Diversification,S,Contributions to employee benefit plans,5164131,5088531,5400721,6371161
Department of Western Economic Diversification,S,Other Statutory items listed in the Public Accounts of Canada,6871,0,0,0
Department of the Environment,1,Operating expenditures,1190101134,1133557952,1128205563,969963675
Department of the Environment,5,Capital expenditures,103291576,80695624,92120200,70255723
Department of the Environment,10,Grants and contributions,1301980939,1050756750,1051054353,342921705
Department of the Environment,S,Contributions to employee benefit plans,134586228,134470043,134888786,131314415
Department of the Environment,S,Minister's salary and motor vehicle allowance ( Salaries Act  and  Parliament of Canada Act ),98800,102300,102300,106000
Department of the Environment,S,Other Statutory items listed in the Public Accounts of Canada,2969184,0,0,0
Department of the Environment,S,"Distribution of revenues from fuel charge payments pursuant to subsection 165 (2) of the  Greenhouse Gas Pollution Pricing Act  and  section 129 of the  Budget Implementation Act , 2019, No. 1",88068209,466490000,466490000,0
Department of the Environment,S,Distribution of revenues from excess emissions charge payments under the  Output-Based Pricing System pursuant to section 188 of the  Greenhouse Gas Pollution Pricing Act,144672429,261198459,261198459,197142255
Department of the Environment,S,Motor vehicle allowance:  Ministers of State or Secretaries of State ( Parliament of Canada Act ),0,0,0,2000
Economic Development Agency of Canada for the Regions of Quebec,1,Operating expenditures,49134290.77,45101123,47132553,48644666
Economic Development Agency of Canada for the Regions of Quebec,5,Grants and contributions,282428043,279995038,369131686,360094322
Economic Development Agency of Canada for the Regions of Quebec,S,Other Statutory items listed in the Public Accounts of Canada,14364,0,0,0
Economic Development Agency of Canada for the Regions of Quebec,S,Contributions to employee benefit plans,6053742,6133162,6432862,7098522
Federal Economic Development Agency for Northern Ontario,1,Operating expenditures,14525013,15571139,16190029,16213940
Federal Economic Development Agency for Northern Ontario,5,Grants and contributions,47927226,54179238,83193225,65156604
Federal Economic Development Agency for Northern Ontario,S,Contributions to employee benefit plans,1610892,2054114,2054114,2315785
Federal Economic Development Agency for Southern Ontario,1,Operating expenditures,38017713,35969714,38181746,37137445
Federal Economic Development Agency for Southern Ontario,5,Grants and contributions,216068069,227536482,362359533,347638258
Federal Economic Development Agency for Southern Ontario,S,Other Statutory items listed in the Public Accounts of Canada,22723,0,0,0
Federal Economic Development Agency for Southern Ontario,S,Minister of State (Minister of Democratic Institutions and Minister of  Federal Economic Development Agency for Southern Ontario) ñ Motor car allowance ( Parliament of Canada Act ),1914,2000,2000,0
Federal Economic Development Agency for Southern Ontario,S,Contributions to employee benefit plans,4485366,4323305,4580614,4931831
Financial Transactions and Reports Analysis Centre of Canada,1,Program expenditures,50816019,43852409,60758738,45505984
Financial Transactions and Reports Analysis Centre of Canada,S,Spending of revenues pursuant to subsection 50.1(2) of the  Proceeds of Crime (Money Laundering) and Terrorist Financing Act,46109907,60507431,60507431,85318027
Financial Transactions and Reports Analysis Centre of Canada,S,Contributions to employee benefit plans,4513101,4624678,4624678,4572615
House of Commons,1,Program expenditures,469607815.8,467147265,494175703,472109441
House of Commons,S,Contributions to employee benefit plans,51094853,55225341,55937069,59653400
House of Commons,S,"Members of the House of Commons ñ Salaries and allowances of Officers and Members of the House of Commons, under the  Parliament of Canada  Act",107351276,113031758,113031758,115826798
House of Commons,S,"Members of the House of Commons ñ Contributions to the Members of  Parliament Retiring Allowances account and the Members of Parliament Retirement Compensation Arrangements account, under the  Members of  Parliament Retiring Allowances Act",16048337,21125045,21125045,21425045
Immigration and Refugee Board,1,Program expenditures,314287694,308955386,308765886,302785263
Immigration and Refugee Board,S,Contributions to employee benefit plans,38541883,36441936,36441936,41348503
Immigration and Refugee Board,S,Other Statutory items listed in the Public Accounts of Canada,45454,0,0,0
Impact Assessment Agency of Canada,1,Operating expenditures,74941706,84212146,78212146,78490986
Impact Assessment Agency of Canada,5,Grants and contributions,21253902,21036903,27036903,20738903
Impact Assessment Agency of Canada,S,Contributions to employee benefit plans,8591635,10186741,10186741,10255095
International Development Research Centre,1,Payments to the Centre,160270169,159359769,167359769,139273031
International Joint Commission (Canadian Section),1,Program expenditures,8217765,6795183,10645173,7673621
International Joint Commission (Canadian Section),S,Contributions to employee benefit plans,657139,669310,669310,722094
Invest in Canada Hub,1,Program Expenditures,32743554,32755156,32755156,29860156
Law Commission of Canada,1,Program expenditures,3814333,3705781,3705781,3217793
Law Commission of Canada,S,Contributions to employee benefit plans,225896,188273,188273,201809
Leadersí Debates Commission,1,Program expenditures,616660,3422808,3422808,2938864
Leadersí Debates Commission,S,Contributions to employee benefit plans,52569,100081,100081,91759
Library and Archives of Canada,1,Operating expenditures,153669280,151530675,151505622,135944977
Library and Archives of Canada,5,Capital expenditures,41860961,40979794,40979794,33394401
Library and Archives of Canada,S,Other Statutory items listed in the Public Accounts of Canada,3970,0,0,0
Library and Archives of Canada,S,Contributions to employee benefit plans,16838952,15639650,15639650,15257885
Library of Parliament,1,Program expenditures,55442634,60036276,60036276,61252843
Library of Parliament,S,Contributions to employee benefit plans,6636800,7598070,7598070,8234352
Marine Atlantic Inc.,1,Payments to the corporation,194973753,182531084,221111587,133391174
Military Grievances External Review Committee,1,Program expenditures,7464848,7514758,7514758,7376255
Military Grievances External Review Committee,S,Contributions to employee benefit plans,938345,996675,996675,1038566
Military Police Complaints Commission,1,Program expenditures,5184069,5307976,5557976,5572620
Military Police Complaints Commission,S,Contributions to employee benefit plans,592599,569294,569294,670025
Miscarriage of Justice Review Commission,1,Program expenditures,0,0,111151,8765182
Miscarriage of Justice Review Commission,S,Contributions to employee benefit plans,0,0,28638,584794
National Arts Centre Corporation,1,Payments to the Corporation for operating expenditures,59524537,57122713,57772713,56681299
National Capital Commission,1,Payments to the Commission for operating expenditures,90355434,95974749,98439749,87056281
National Capital Commission,5,Payments to the Commission for capital expenditures,60465046,83802902,100252902,74900000
National Film Board,1,Program expenditures,82351797,73272888,78139888,72476403
National Film Board,S,National Film Board Revolving Fund ( Revolving Funds Act ),123198,0,0,0
National Gallery of Canada,1,Payments to the Gallery for operating and capital expenditures,42020493,40424493,42580493,40831313
National Gallery of Canada,5,Payments to the Gallery for the acquisition of objects for the collection and related costs,8000000,8000000,8000000,8000000
National Museum of Science and Technology,1,Payments to the Museum for operating and capital expenditures,38440940,40472693,41242693,41029594
National Research Council of Canada,1,Operating expenditures,653027299,602927203,615441467,595203032
National Research Council of Canada,5,Capital expenditures,159927785,157961000,265344962,317578865
National Research Council of Canada,10,Grants and contributions,639726205,740628793,816333919,736369902
National Research Council of Canada,S,Other Statutory items listed in the Public Accounts of Canada,198018,0,0,0
National Research Council of Canada,S,Contributions to employee benefit plans,80547365,78661969,78705844,83988353
National Research Council of Canada,S,"Spending of revenues pursuant to paragraph 5(1)( e ) of the  National Research Council Act  (R.S.C., 1985, c. N-15)",174587399,182000000,182000000,182000000
National Security and Intelligence Review Agency Secretariat,1,Program expenditures,17008811,17697005,17684105,16389075
National Security and Intelligence Review Agency Secretariat,S,Contributions to employee benefit plans,1830688,1907777,1907777,2049361
Natural Sciences and Engineering Research Council,1,Operating expenditures,64239717,77126440,77794812,79182897
Natural Sciences and Engineering Research Council,5,Grants,1396360221,1420233755,1425854328,1527732810
Natural Sciences and Engineering Research Council,S,Spending of revenues pursuant to subsection 4(2) of the  Natural Sciences and Engineering Research Council Act,0,203223,203223,203223
Natural Sciences and Engineering Research Council,S,Contributions to employee benefit plans,7978311,9057593,9076879,9651694
Northern Pipeline Agency,1,Program expenditures,396102,540000,540000,540000
Northern Pipeline Agency,S,Contributions to employee benefit plans,4144,27540,27540,29520
Office of Infrastructure of Canada,1,Operating expenditures,52721224,0,0,0
Office of Infrastructure of Canada,5,Capital expenditures,1408318,0,0,0
Office of Infrastructure of Canada,10,Grants and contributions,558623671,0,0,0
Office of Infrastructure of Canada,S,"Minister of Housing, Infrastructure and Communities ñ Salary and motor car allowance ( Salaries Act  and  Parliament of Canada Act )",8233,0,0,0
Office of Infrastructure of Canada,S,Contributions to employee benefit plans,4788453,0,0,0
Office of the Auditor General,1,Program expenditures,117831343,121233208,119223979,120304758
Office of the Auditor General,S,Other Statutory items listed in the Public Accounts of Canada,50161,0,0,0
Office of the Auditor General,S,Contributions to employee benefit plans,14521753,15007077,15007077,16123924
Office of the Chief Electoral Officer,1,Program expenditures,64033614,65189821,65189821,69035982
Office of the Chief Electoral Officer,S,Other Statutory items listed in the Public Accounts of Canada,17079,0,0,0
Office of the Chief Electoral Officer,S,Salary of the Chief Electoral Officer ( Canada Elections Act ),396882,396700,396700,414900
Office of the Chief Electoral Officer,S,Electoral expenditures ( Canada Elections Act  and the  Referendum Act ),230241669,607573940,607573940,181119774
Office of the Chief Electoral Officer,S,Contributions to employee benefit plans,18590448,18467195,18467195,23601295
Office of the Commissioner for Federal Judicial Affairs,1,Office of the Commissioner for Federal Judicial Affairs ñ Operating expenditures,11703225,11227921,11227921,11244312
Office of the Commissioner for Federal Judicial Affairs,5,Canadian Judicial Council ñ Operating expenditures,2756109,2813063,2813063,2713390
Office of the Commissioner for Federal Judicial Affairs,S,Contributions to employee benefit plans,1237107,1216837,1216837,1372663
Office of the Commissioner for Federal Judicial Affairs,S,"Judges' salaries, allowances and annuities, annuities to spouses and children of judges and lump sum payments to spouses of judges who die while in office (R.S.C., 1985,  c. J-1)",788502019,831699923,831699923,915293075
Office of the Commissioner of Lobbying,1,Program expenditures,5495004,5447113,5447113,5463805
Office of the Commissioner of Lobbying,S,Contributions to employee benefit plans,595120,634128,634128,682456
Office of the Commissioner of Official Languages,1,Program expenditures,23261603,23831347,23817647,23939974
Office of the Commissioner of Official Languages,S,Contributions to employee benefit plans,2886492,2869803,2869803,3093943
Office of the Conflict of Interest and Ethics Commissioner,1,Program expenditures,7593713,8152273,8152273,8284644
Office of the Conflict of Interest and Ethics Commissioner,S,Contributions to employee benefit plans,939116,1012646,1012646,1107160
Office of the Correctional Investigator of Canada,1,Program expenditures,6198360,7211675,7211675,6828341
Office of the Correctional Investigator of Canada,S,Contributions to employee benefit plans,721129,851843,851843,853754
Office of the Director of Public Prosecutions,1,Program expenditures,228473182,202769596,208871334,203084260
Office of the Director of Public Prosecutions,S,Contributions to employee benefit plans,25776725,24532001,25658265,26356447
Office of the Director of Public Prosecutions,S,Other Statutory items listed in the Public Accounts of Canada,155,0,0,0
Office of the Governor Generalís Secretary,1,Program expenditures,25817549,22077800,22077800,22179234
Office of the Governor Generalís Secretary,S,"Salary of the Governor General (R.S.C., 1985 c. G-9)",366600,375264,375264,393014
Office of the Governor Generalís Secretary,S,Contributions to employee benefit plans,2478600,2487462,2487462,2682934
Office of the Governor Generalís Secretary,S,"Annuities payable under the  Governor General's Act  (R.S.C., 1985 c. G-9)",967860,1019542,1019542,1020843
Office of the Intelligence Commissioner,1,Program expenditures,1926739,2452608,2452608,2454225
Office of the Intelligence Commissioner,S,Contributions to employee benefit plans,132671,182972,182972,196392
Office of the Parliamentary Budget Officer,1,Program expenditures,5972573,7638168,7638168,7256260
Office of the Parliamentary Budget Officer,S,Contributions to employee benefit plans,677725,853755,853755,904721
Office of the Public Sector Integrity Commissioner,1,Program expenditures,6045122,7074478,7074478,7147940
Office of the Public Sector Integrity Commissioner,S,Contributions to employee benefit plans,719378,853746,853746,929935
Office of the Public Sector Integrity Commissioner,S,Other Statutory items listed in the Public Accounts of Canada,263,0,0,0
Office of the Senate Ethics Officer,1,Program expenditures,993304,1485291,1485291,1507801
Office of the Senate Ethics Officer,S,Contributions to employee benefit plans,111386,166891,166891,182089
Office of the Superintendent of Financial Institutions,1,Program expenditures,1402500,1323899,1323899,1224899
Office of the Superintendent of Financial Institutions,S,Other Statutory items listed in the Public Accounts of Canada,4680,0,0,0
Office of the Superintendent of Financial Institutions,S,Spending of revenues pursuant to subsection 17(2) of the  Office of the  Superintendent of Financial Institutions Act,311520049,356924993,356924993,380848225
Offices of the Information and Privacy Commissioners of Canada,1,Program expenditures ñ Office of the Information Commissioner of Canada,16109571,15666272,15666272,15737098
Offices of the Information and Privacy Commissioners of Canada,5,Program expenditures ñ Office of the Privacy Commissioner of Canada,32891325,34322438,34322438,33232604
Offices of the Information and Privacy Commissioners of Canada,S,Contributions to employee benefit plans,6015757,6186400,6186400,6561402
Offices of the Information and Privacy Commissioners of Canada,S,Other Statutory items listed in the Public Accounts of Canada,476,0,0,0
Pacific Economic Development Agency of Canada,1,Operating expenditures,33347558.58,27591893,31285264,30007662
Pacific Economic Development Agency of Canada,5,Grants and contributions,100220272,109617223,179887185,146993207
Pacific Economic Development Agency of Canada,S,Other Statutory items listed in the Public Accounts of Canada,8943,0,0,0
Pacific Economic Development Agency of Canada,S,Contributions to employee benefit plans,2971858,3082177,3380713,3582046
Parc Downsview Park Inc.,1,Authorization to increase borrowing limit,0,1,1,0
Parks Canada Agency,1,"Operating expenditures, grants and contributions",738147722,734833000,864851801,626338961
Parks Canada Agency,5,Capital expenditures,261833719,242547959,220488559,356664676
Parks Canada Agency,10,Payments to the New Parks and Historic Sites Account,35650130,30637086,30637086,24947397
Parks Canada Agency,S,Expenditures equal to revenues resulting from the conduct of operations pursuant to section 20 of the  Parks Canada Agency Act,252197227,190000000,190000000,220000000
Parks Canada Agency,S,Other Statutory items listed in the Public Accounts of Canada,28750,0,0,0
Parks Canada Agency,S,Contributions to employee benefit plans,80888300,69877925,69877925,65485539
Parliamentary Protective Service,1,Program expenditures,95886262,106149851,106149851,106149851
Parliamentary Protective Service,S,Contributions to employee benefit plans,11938505,13487461,13487461,14800950
Parole Board of Canada,1,Program expenditures,68497369,64336572,64336572,63077947
Parole Board of Canada,S,Other Statutory items listed in the Public Accounts of Canada,1508,0,0,0
Parole Board of Canada,S,Contributions to employee benefit plans,8430953,8111091,8111091,8493331
Patented Medicine Prices Review Board,1,Program expenditures,12398001,16630352,16630352,15574520
Patented Medicine Prices Review Board,S,Contributions to employee benefit plans,1289099,1498580,1498580,1637672
Privy Council Office,1,Program expenditures,227242405,253455248,260409353,224349806
Privy Council Office,S,Other Statutory items listed in the Public Accounts of Canada,2410,0,0,0
Privy Council Office,S,Minister's salary and motor vehicle allowance ( Salaries Act   and  Parliament of Canada Act ),213536,204600,204600,106000
Privy Council Office,S,Prime Minister ñ Salary and motor vehicle allowance ( Salaries Act  and  Parliament of Canada Act ),195727,212600,212600,220600
Privy Council Office,S,Contributions to employee benefit plans,24090111,24329065,24329065,27588887
Public Health Agency of Canada,1,Operating expenditures,980098495,1354815342,1407841602,1129244573
Public Health Agency of Canada,5,Capital expenditures,12064679,29450000,29450000,16725609
Public Health Agency of Canada,10,Grants and contributions,387058328,376329508,391833710,316292888
Public Health Agency of Canada,S,"Spending of revenues from other departments for which the Minister is responsible, pursuant to subsection 4.2(4) of the  Department of  Health Act",11167214,13412742,13412742,13412742
Public Health Agency of Canada,S,"Payments for COVID-19 tests pursuant to the  Economic and Fiscal Update Implementation Act, 2021",7017867,0,0,0
Public Health Agency of Canada,S,Other Statutory items listed in the Public Accounts of Canada,75901265,0,0,0
Public Health Agency of Canada,S,Contributions to employee benefit plans,61606422,52484113,52484470,51747956
Public Service Commission,1,Program expenditures,88064792,89426691,89416432,86007513
Public Service Commission,S,Other Statutory items listed in the Public Accounts of Canada,23228,0,0,0
Public Service Commission,S,Contributions to employee benefit plans,12037986,13786882,13935541,14250329
Registrar of the Supreme Court of Canada,1,Program expenditures,36670250,35457459,35457459,37464713
Registrar of the Supreme Court of Canada,S,Contributions to employee benefit plans,4083459,4113785,4113785,4409889
Registrar of the Supreme Court of Canada,S,"Judgesí salaries, allowances and annuities, annuities to spouses and  children of deceased judges and lump sum payments to spouses of judges who die while in office (R.S.C., 1985, c. J-1 as amended)",10567763,10444278,10444278,10555565
Registrar of the Supreme Court of Canada,S,Other Statutory items listed in the Public Accounts of Canada,522,0,0,0
Royal Canadian Mounted Police,1,Operating expenditures,3769187217,3815441410,3939830522,3868940232
Royal Canadian Mounted Police,5,Capital expenditures,358463364,452365865,453391534,451267333
Royal Canadian Mounted Police,10,Grants and contributions,20622124,26176685,67660284,26676685
Royal Canadian Mounted Police,15,Payments in respect of disability and health benefits for members of the Royal Canadian Mounted Police,947245331,1060656391,1129325344,1159839174
Royal Canadian Mounted Police,S,Contributions to employee benefit plans,149006037,119376757,122557534,131210875
Royal Canadian Mounted Police,S,Pensions and other employee benefits ñ Members of the Force,496046713,597400570,601358247,643786692
Royal Canadian Mounted Police,S,"Pensions under the  Royal Canadian Mounted Police Pension Continuation Act  (R.S.C., 1970, c. R-10)",2208201,5000000,5000000,5000000
Royal Canadian Mounted Police,S,Other Statutory items listed in the Public Accounts of Canada,1592904,0,0,0
Royal Canadian Mounted Police External Review Committee,1,Program expenditures,6008592.29,6077944,6077944,6087882
Royal Canadian Mounted Police External Review Committee,S,Contributions to employee benefit plans,679907,696129,696129,747808
Secretariat of the National Security and Intelligence Committee of Parliamentarians,1,Program expenditures,2877425,3500367,3500367,3294457
Secretariat of the National Security and Intelligence Committee of Parliamentarians,S,Contributions to employee benefit plans,215929,260007,260007,249359
Senate,1,Program expenditures,90300978,97624640,97624640,96777563
Senate,S,"Senate House Officers and Senators ñ Salaries, allowances and other  payments to the Speaker of the Senate,  Members and other officers of the Senate under the  Parliament of Canada Act ; contributions to  the Members of Parliament Retiring Allowances Account and Members of  Parliament Retirement Compensation Arrangements Account (R.S.C., 1985, c.M-5)",29829985,30235473,30235473,31960800
Senate,S,Contributions to employee benefit plans,9808872,11398323,11398323,12671443
Shared Services Canada,1,Operating expenditures,2298077003,2200787724,2262261426,2049751570
Shared Services Canada,5,Capital expenditures,164502756,146129643,142150707,157721344
Shared Services Canada,S,Contributions to employee benefit plans,150232342,143216590,145700694,154051862
Shared Services Canada,S,Other Statutory items listed in the Public Accounts of Canada,4201199,0,0,0
Social Sciences and Humanities Research Council,1,Operating expenditures,55538118,50468429,50401329,50025991
Social Sciences and Humanities Research Council,5,Grants,1234605283,1271889793,1272067048,1351984353
Social Sciences and Humanities Research Council,S,Contributions to employee benefit plans,7124557,5931844,5931844,6300364
Social Sciences and Humanities Research Council,S,Spending of revenues pursuant to subsection 4(2) of the  Social Sciences and Humanities Research Council Act,0,107962,107962,107962
Standards Council of Canada,1,Payments to the Council,25591119,26059253,26184253,18912125
Statistics Canada,1,Program expenditures,638023508,724102650,723116639,945504203
Statistics Canada,S,Other Statutory items listed in the Public Accounts of Canada,13344,0,0,0
Statistics Canada,S,Contributions to employee benefit plans,96235802,103805880,103926033,110523526
Telefilm Canada,1,Payments to the corporation to be used for the purposes set out in the  Telefilm Canada Act,158302331,162955591,165055591,111632291
The Federal Bridge Corporation Limited,S,Payments to the Corporation,17863915,0,1000000,0
The Jacques-Cartier and Champlain Bridges Inc.,1,Payments to the corporation,189641990,295761948,292032157,263313989
The National Battlefields Commission,1,Program expenditures,15227847,16432093,24820833,13833559
The National Battlefields Commission,S,Contributions to employee benefit plans,699118,811261,811261,828785
The National Battlefields Commission,S,Expenditures of revenues pursuant toÝsubsection 29.1(1) of the  Financial Administration Act,2993349,2000000,2000000,2000000
The National Battlefields Commission,S,Other Statutory items listed in the Public Accounts of Canada,8066,0,0,0
Treasury Board Secretariat,1,Program expenditures,335887845,385107943,407350398,370381412
Treasury Board Secretariat,5,Government Contingencies,0,1000000000,1000000000,1000000000
Treasury Board Secretariat,10,Government-wide Initiatives,0,21073515,28073515,32594649
Treasury Board Secretariat,15,Compensation Adjustments,0,0,346200711,0
Treasury Board Secretariat,20,Public Service Insurance,4232621232,4004854465,4600795178,5040187474
Treasury Board Secretariat,25,Operating Budget Carry Forward,0,3000000000,3000000000,3000000000
Treasury Board Secretariat,30,Paylist Requirements,0,600000000,740000000,600000000
Treasury Board Secretariat,35,Capital Budget Carry Forward,0,750000000,750000000,750000000
Treasury Board Secretariat,50,Defence and Security Initiatives,0,0,1000000000,1000000000
Treasury Board Secretariat,S,Contributions to employee benefit plans,42663517,40401171,40401171,41801704
Treasury Board Secretariat,S,Minister's salary and motor vehicle allowance ( Salaries Act  and  Parliament of Canada Act ),98800,102300,102300,106000
Treasury Board Secretariat,S,"Payments under the  Public Service Pension Adjustment Act  (R.S.C., 1970, c. P-33)",1579,0,0,0
Treasury Board Secretariat,S,Employer contributions made under the  Public Service Superannuation Act  and other retirement acts and the  Employment Insurance Act,6425000000,0,0,0
VIA HFR - VIA TGF Inc.,1,Payments to the corporation for operating and capital expenditures,69825000,597022518,597022518,710159448
VIA Rail Canada Inc.,1,Payments to the Corporation,878574403,1337761231,2315124045,1152590245
Veterans Review and Appeal Board,1,Program expenditures,19041506,20240594,20240594,20066969
Veterans Review and Appeal Board,S,Contributions to employee benefit plans,2219101,2832664,2832664,3012361
Windsor-Detroit Bridge Authority,1,Payments to the Authority,944189291,343086058,450116619,223215674
